{
    "accuracy": 0.245,
    "f1_score": 0.148,
    "recall": 0.245,
    "precision": 0.302,
    "classification_report": {
        "0": {
            "precision": 0.16279069767441862,
            "recall": 0.032407407407407406,
            "f1-score": 0.05405405405405406,
            "support": 216.0
        },
        "1": {
            "precision": 0.2236842105263158,
            "recall": 0.0787037037037037,
            "f1-score": 0.11643835616438356,
            "support": 216.0
        },
        "2": {
            "precision": 0.5714285714285714,
            "recall": 0.018518518518518517,
            "f1-score": 0.03587443946188341,
            "support": 216.0
        },
        "3": {
            "precision": 0.24932249322493225,
            "recall": 0.8518518518518519,
            "f1-score": 0.3857442348008386,
            "support": 216.0
        },
        "accuracy": 0.24537037037037038,
        "macro avg": {
            "precision": 0.3018064932135595,
            "recall": 0.24537037037037038,
            "f1-score": 0.1480277711202899,
            "support": 864.0
        },
        "weighted avg": {
            "precision": 0.3018064932135595,
            "recall": 0.24537037037037038,
            "f1-score": 0.1480277711202899,
            "support": 864.0
        }
    }
}