{
    "accuracy": 0.275,
    "f1_score": 0.256,
    "recall": 0.275,
    "precision": 0.29,
    "classification_report": {
        "0": {
            "precision": 0.26666666666666666,
            "recall": 0.14814814814814814,
            "f1-score": 0.19047619047619047,
            "support": 216.0
        },
        "1": {
            "precision": 0.26280623608017817,
            "recall": 0.5462962962962963,
            "f1-score": 0.3548872180451128,
            "support": 216.0
        },
        "2": {
            "precision": 0.3645833333333333,
            "recall": 0.16203703703703703,
            "f1-score": 0.22435897435897437,
            "support": 216.0
        },
        "3": {
            "precision": 0.2663316582914573,
            "recall": 0.24537037037037038,
            "f1-score": 0.25542168674698795,
            "support": 216.0
        },
        "accuracy": 0.27546296296296297,
        "macro avg": {
            "precision": 0.2900969735929088,
            "recall": 0.27546296296296297,
            "f1-score": 0.2562860174068164,
            "support": 864.0
        },
        "weighted avg": {
            "precision": 0.29009697359290887,
            "recall": 0.27546296296296297,
            "f1-score": 0.2562860174068164,
            "support": 864.0
        }
    }
}