{
    "accuracy": 0.644,
    "f1_score": 0.623,
    "recall": 0.644,
    "precision": 0.629,
    "classification_report": {
        "0": {
            "precision": 0.6575875486381323,
            "recall": 0.7824074074074074,
            "f1-score": 0.7145877378435518,
            "support": 216.0
        },
        "1": {
            "precision": 0.6827309236947792,
            "recall": 0.7870370370370371,
            "f1-score": 0.7311827956989247,
            "support": 216.0
        },
        "2": {
            "precision": 0.5357142857142857,
            "recall": 0.2777777777777778,
            "f1-score": 0.36585365853658536,
            "support": 216.0
        },
        "3": {
            "precision": 0.6382113821138211,
            "recall": 0.7268518518518519,
            "f1-score": 0.6796536796536796,
            "support": 216.0
        },
        "accuracy": 0.6435185185185185,
        "macro avg": {
            "precision": 0.6285610350402545,
            "recall": 0.6435185185185186,
            "f1-score": 0.6228194679331853,
            "support": 864.0
        },
        "weighted avg": {
            "precision": 0.6285610350402545,
            "recall": 0.6435185185185185,
            "f1-score": 0.6228194679331854,
            "support": 864.0
        }
    }
}