{
    "accuracy": 0.255,
    "f1_score": 0.254,
    "recall": 0.255,
    "precision": 0.253,
    "classification_report": {
        "0": {
            "precision": 0.2524752475247525,
            "recall": 0.2361111111111111,
            "f1-score": 0.24401913875598086,
            "support": 216.0
        },
        "1": {
            "precision": 0.22167487684729065,
            "recall": 0.20833333333333334,
            "f1-score": 0.21479713603818615,
            "support": 216.0
        },
        "2": {
            "precision": 0.24770642201834864,
            "recall": 0.25,
            "f1-score": 0.2488479262672811,
            "support": 216.0
        },
        "3": {
            "precision": 0.29045643153526973,
            "recall": 0.32407407407407407,
            "f1-score": 0.3063457330415755,
            "support": 216.0
        },
        "accuracy": 0.25462962962962965,
        "macro avg": {
            "precision": 0.25307824448141536,
            "recall": 0.25462962962962965,
            "f1-score": 0.2535024835257559,
            "support": 864.0
        },
        "weighted avg": {
            "precision": 0.25307824448141536,
            "recall": 0.25462962962962965,
            "f1-score": 0.25350248352575594,
            "support": 864.0
        }
    }
}