{
    "accuracy": 0.514,
    "f1_score": 0.513,
    "recall": 0.514,
    "precision": 0.516,
    "classification_report": {
        "0": {
            "precision": 0.4631578947368421,
            "recall": 0.4074074074074074,
            "f1-score": 0.43349753694581283,
            "support": 216.0
        },
        "1": {
            "precision": 0.6565656565656566,
            "recall": 0.6018518518518519,
            "f1-score": 0.6280193236714976,
            "support": 216.0
        },
        "2": {
            "precision": 0.4304932735426009,
            "recall": 0.4444444444444444,
            "f1-score": 0.43735763097949887,
            "support": 216.0
        },
        "3": {
            "precision": 0.5138339920948617,
            "recall": 0.6018518518518519,
            "f1-score": 0.5543710021321961,
            "support": 216.0
        },
        "accuracy": 0.5138888888888888,
        "macro avg": {
            "precision": 0.5160127042349903,
            "recall": 0.5138888888888888,
            "f1-score": 0.5133113734322514,
            "support": 864.0
        },
        "weighted avg": {
            "precision": 0.5160127042349903,
            "recall": 0.5138888888888888,
            "f1-score": 0.5133113734322513,
            "support": 864.0
        }
    }
}