{
    "accuracy": 0.507,
    "f1_score": 0.502,
    "recall": 0.507,
    "precision": 0.506,
    "classification_report": {
        "0": {
            "precision": 0.7589743589743589,
            "recall": 0.6851851851851852,
            "f1-score": 0.7201946472019465,
            "support": 216.0
        },
        "1": {
            "precision": 0.367816091954023,
            "recall": 0.2962962962962963,
            "f1-score": 0.3282051282051282,
            "support": 216.0
        },
        "2": {
            "precision": 0.40096618357487923,
            "recall": 0.38425925925925924,
            "f1-score": 0.39243498817966904,
            "support": 216.0
        },
        "3": {
            "precision": 0.4965277777777778,
            "recall": 0.6620370370370371,
            "f1-score": 0.5674603174603174,
            "support": 216.0
        },
        "accuracy": 0.5069444444444444,
        "macro avg": {
            "precision": 0.5060711030702597,
            "recall": 0.5069444444444444,
            "f1-score": 0.5020737702617653,
            "support": 864.0
        },
        "weighted avg": {
            "precision": 0.5060711030702597,
            "recall": 0.5069444444444444,
            "f1-score": 0.5020737702617653,
            "support": 864.0
        }
    }
}