{
    "accuracy": 0.583,
    "f1_score": 0.577,
    "recall": 0.583,
    "precision": 0.579,
    "classification_report": {
        "0": {
            "precision": 0.7150837988826816,
            "recall": 0.5925925925925926,
            "f1-score": 0.6481012658227848,
            "support": 216.0
        },
        "1": {
            "precision": 0.7012448132780082,
            "recall": 0.7824074074074074,
            "f1-score": 0.7396061269146609,
            "support": 216.0
        },
        "2": {
            "precision": 0.3687150837988827,
            "recall": 0.3055555555555556,
            "f1-score": 0.3341772151898734,
            "support": 216.0
        },
        "3": {
            "precision": 0.5320754716981132,
            "recall": 0.6527777777777778,
            "f1-score": 0.5862785862785863,
            "support": 216.0
        },
        "accuracy": 0.5833333333333334,
        "macro avg": {
            "precision": 0.5792797919144214,
            "recall": 0.5833333333333334,
            "f1-score": 0.5770407985514764,
            "support": 864.0
        },
        "weighted avg": {
            "precision": 0.5792797919144215,
            "recall": 0.5833333333333334,
            "f1-score": 0.5770407985514764,
            "support": 864.0
        }
    }
}