{
    "accuracy": 0.244,
    "f1_score": 0.224,
    "recall": 0.244,
    "precision": 0.253,
    "classification_report": {
        "0": {
            "precision": 0.25,
            "recall": 0.12962962962962962,
            "f1-score": 0.17073170731707318,
            "support": 216.0
        },
        "1": {
            "precision": 0.23225806451612904,
            "recall": 0.3333333333333333,
            "f1-score": 0.2737642585551331,
            "support": 216.0
        },
        "2": {
            "precision": 0.24456521739130435,
            "recall": 0.4166666666666667,
            "f1-score": 0.3082191780821918,
            "support": 216.0
        },
        "3": {
            "precision": 0.28378378378378377,
            "recall": 0.09722222222222222,
            "f1-score": 0.14482758620689656,
            "support": 216.0
        },
        "accuracy": 0.24421296296296297,
        "macro avg": {
            "precision": 0.2526517664228043,
            "recall": 0.24421296296296294,
            "f1-score": 0.22438568254032365,
            "support": 864.0
        },
        "weighted avg": {
            "precision": 0.2526517664228043,
            "recall": 0.24421296296296297,
            "f1-score": 0.22438568254032368,
            "support": 864.0
        }
    }
}