{
    "accuracy": 0.249,
    "f1_score": 0.241,
    "recall": 0.249,
    "precision": 0.245,
    "classification_report": {
        "0": {
            "precision": 0.26755852842809363,
            "recall": 0.37037037037037035,
            "f1-score": 0.3106796116504854,
            "support": 216.0
        },
        "1": {
            "precision": 0.2471042471042471,
            "recall": 0.2962962962962963,
            "f1-score": 0.2694736842105263,
            "support": 216.0
        },
        "2": {
            "precision": 0.24183006535947713,
            "recall": 0.1712962962962963,
            "f1-score": 0.2005420054200542,
            "support": 216.0
        },
        "3": {
            "precision": 0.2222222222222222,
            "recall": 0.1574074074074074,
            "f1-score": 0.1842818428184282,
            "support": 216.0
        },
        "accuracy": 0.2488425925925926,
        "macro avg": {
            "precision": 0.24467876577851003,
            "recall": 0.2488425925925926,
            "f1-score": 0.24124428602487352,
            "support": 864.0
        },
        "weighted avg": {
            "precision": 0.24467876577851003,
            "recall": 0.2488425925925926,
            "f1-score": 0.24124428602487352,
            "support": 864.0
        }
    }
}