{
    "accuracy": 0.319,
    "f1_score": 0.32,
    "recall": 0.319,
    "precision": 0.323,
    "classification_report": {
        "0": {
            "precision": 0.3055555555555556,
            "recall": 0.35648148148148145,
            "f1-score": 0.32905982905982906,
            "support": 216.0
        },
        "1": {
            "precision": 0.3575418994413408,
            "recall": 0.2962962962962963,
            "f1-score": 0.3240506329113924,
            "support": 216.0
        },
        "2": {
            "precision": 0.36,
            "recall": 0.3333333333333333,
            "f1-score": 0.34615384615384615,
            "support": 216.0
        },
        "3": {
            "precision": 0.2703862660944206,
            "recall": 0.2916666666666667,
            "f1-score": 0.2806236080178174,
            "support": 216.0
        },
        "accuracy": 0.3194444444444444,
        "macro avg": {
            "precision": 0.32337093027282926,
            "recall": 0.3194444444444444,
            "f1-score": 0.3199719790357213,
            "support": 864.0
        },
        "weighted avg": {
            "precision": 0.32337093027282926,
            "recall": 0.3194444444444444,
            "f1-score": 0.3199719790357212,
            "support": 864.0
        }
    }
}