{
    "accuracy": 0.263,
    "f1_score": 0.257,
    "recall": 0.263,
    "precision": 0.26,
    "classification_report": {
        "0": {
            "precision": 0.2669491525423729,
            "recall": 0.2916666666666667,
            "f1-score": 0.27876106194690264,
            "support": 216.0
        },
        "1": {
            "precision": 0.2297872340425532,
            "recall": 0.25,
            "f1-score": 0.2394678492239468,
            "support": 216.0
        },
        "2": {
            "precision": 0.24615384615384617,
            "recall": 0.14814814814814814,
            "f1-score": 0.18497109826589594,
            "support": 216.0
        },
        "3": {
            "precision": 0.2965779467680608,
            "recall": 0.3611111111111111,
            "f1-score": 0.325678496868476,
            "support": 216.0
        },
        "accuracy": 0.26273148148148145,
        "macro avg": {
            "precision": 0.2598670448767083,
            "recall": 0.2627314814814815,
            "f1-score": 0.25721962657630537,
            "support": 864.0
        },
        "weighted avg": {
            "precision": 0.2598670448767083,
            "recall": 0.26273148148148145,
            "f1-score": 0.25721962657630537,
            "support": 864.0
        }
    }
}