{
    "accuracy": 0.251,
    "f1_score": 0.236,
    "recall": 0.251,
    "precision": 0.266,
    "classification_report": {
        "0": {
            "precision": 0.21333333333333335,
            "recall": 0.37037037037037035,
            "f1-score": 0.2707275803722504,
            "support": 216.0
        },
        "1": {
            "precision": 0.2608695652173913,
            "recall": 0.1388888888888889,
            "f1-score": 0.18126888217522658,
            "support": 216.0
        },
        "2": {
            "precision": 0.2789115646258503,
            "recall": 0.37962962962962965,
            "f1-score": 0.3215686274509804,
            "support": 216.0
        },
        "3": {
            "precision": 0.3125,
            "recall": 0.11574074074074074,
            "f1-score": 0.16891891891891891,
            "support": 216.0
        },
        "accuracy": 0.2511574074074074,
        "macro avg": {
            "precision": 0.26640361579414373,
            "recall": 0.25115740740740744,
            "f1-score": 0.23562100222934407,
            "support": 864.0
        },
        "weighted avg": {
            "precision": 0.26640361579414373,
            "recall": 0.2511574074074074,
            "f1-score": 0.23562100222934407,
            "support": 864.0
        }
    }
}