{
    "accuracy": 0.259,
    "f1_score": 0.257,
    "recall": 0.259,
    "precision": 0.263,
    "classification_report": {
        "0": {
            "precision": 0.24262295081967214,
            "recall": 0.3425925925925926,
            "f1-score": 0.2840690978886756,
            "support": 216.0
        },
        "1": {
            "precision": 0.28859060402684567,
            "recall": 0.19907407407407407,
            "f1-score": 0.2356164383561644,
            "support": 216.0
        },
        "2": {
            "precision": 0.28095238095238095,
            "recall": 0.27314814814814814,
            "f1-score": 0.27699530516431925,
            "support": 216.0
        },
        "3": {
            "precision": 0.24,
            "recall": 0.2222222222222222,
            "f1-score": 0.23076923076923078,
            "support": 216.0
        },
        "accuracy": 0.25925925925925924,
        "macro avg": {
            "precision": 0.2630414839497247,
            "recall": 0.2592592592592593,
            "f1-score": 0.25686251804459753,
            "support": 864.0
        },
        "weighted avg": {
            "precision": 0.26304148394972465,
            "recall": 0.25925925925925924,
            "f1-score": 0.2568625180445975,
            "support": 864.0
        }
    }
}