{
    "accuracy": 0.244,
    "f1_score": 0.233,
    "recall": 0.244,
    "precision": 0.277,
    "classification_report": {
        "0": {
            "precision": 0.3924050632911392,
            "recall": 0.14351851851851852,
            "f1-score": 0.21016949152542372,
            "support": 216.0
        },
        "1": {
            "precision": 0.21578947368421053,
            "recall": 0.18981481481481483,
            "f1-score": 0.2019704433497537,
            "support": 216.0
        },
        "2": {
            "precision": 0.21777777777777776,
            "recall": 0.4537037037037037,
            "f1-score": 0.29429429429429427,
            "support": 216.0
        },
        "3": {
            "precision": 0.2827586206896552,
            "recall": 0.18981481481481483,
            "f1-score": 0.22714681440443213,
            "support": 216.0
        },
        "accuracy": 0.24421296296296297,
        "macro avg": {
            "precision": 0.2771827338606957,
            "recall": 0.24421296296296297,
            "f1-score": 0.23339526089347595,
            "support": 864.0
        },
        "weighted avg": {
            "precision": 0.2771827338606957,
            "recall": 0.24421296296296297,
            "f1-score": 0.23339526089347593,
            "support": 864.0
        }
    }
}