{
    "accuracy": 0.229,
    "f1_score": 0.227,
    "recall": 0.229,
    "precision": 0.233,
    "classification_report": {
        "0": {
            "precision": 0.25874125874125875,
            "recall": 0.1712962962962963,
            "f1-score": 0.20612813370473537,
            "support": 216.0
        },
        "1": {
            "precision": 0.22727272727272727,
            "recall": 0.18518518518518517,
            "f1-score": 0.20408163265306123,
            "support": 216.0
        },
        "2": {
            "precision": 0.23770491803278687,
            "recall": 0.26851851851851855,
            "f1-score": 0.25217391304347825,
            "support": 216.0
        },
        "3": {
            "precision": 0.20930232558139536,
            "recall": 0.2916666666666667,
            "f1-score": 0.2437137330754352,
            "support": 216.0
        },
        "accuracy": 0.22916666666666666,
        "macro avg": {
            "precision": 0.23325530740704206,
            "recall": 0.22916666666666669,
            "f1-score": 0.2265243531191775,
            "support": 864.0
        },
        "weighted avg": {
            "precision": 0.23325530740704206,
            "recall": 0.22916666666666666,
            "f1-score": 0.2265243531191775,
            "support": 864.0
        }
    }
}