{
    "accuracy": 0.3,
    "f1_score": 0.294,
    "recall": 0.3,
    "precision": 0.312,
    "classification_report": {
        "0": {
            "precision": 0.4028776978417266,
            "recall": 0.25925925925925924,
            "f1-score": 0.3154929577464789,
            "support": 216.0
        },
        "1": {
            "precision": 0.2560646900269542,
            "recall": 0.4398148148148148,
            "f1-score": 0.32367972742759793,
            "support": 216.0
        },
        "2": {
            "precision": 0.23943661971830985,
            "recall": 0.1574074074074074,
            "f1-score": 0.18994413407821228,
            "support": 216.0
        },
        "3": {
            "precision": 0.3490566037735849,
            "recall": 0.3425925925925926,
            "f1-score": 0.34579439252336447,
            "support": 216.0
        },
        "accuracy": 0.29976851851851855,
        "macro avg": {
            "precision": 0.3118589028401439,
            "recall": 0.29976851851851855,
            "f1-score": 0.29372780294391343,
            "support": 864.0
        },
        "weighted avg": {
            "precision": 0.31185890284014384,
            "recall": 0.29976851851851855,
            "f1-score": 0.2937278029439134,
            "support": 864.0
        }
    }
}