{
    "accuracy": 0.355,
    "f1_score": 0.353,
    "recall": 0.355,
    "precision": 0.355,
    "classification_report": {
        "0": {
            "precision": 0.3553299492385787,
            "recall": 0.32407407407407407,
            "f1-score": 0.3389830508474576,
            "support": 216.0
        },
        "1": {
            "precision": 0.3723404255319149,
            "recall": 0.32407407407407407,
            "f1-score": 0.3465346534653465,
            "support": 216.0
        },
        "2": {
            "precision": 0.3119266055045872,
            "recall": 0.3148148148148148,
            "f1-score": 0.31336405529953915,
            "support": 216.0
        },
        "3": {
            "precision": 0.3793103448275862,
            "recall": 0.4583333333333333,
            "f1-score": 0.41509433962264153,
            "support": 216.0
        },
        "accuracy": 0.35532407407407407,
        "macro avg": {
            "precision": 0.35472683127566673,
            "recall": 0.35532407407407407,
            "f1-score": 0.3534940248087462,
            "support": 864.0
        },
        "weighted avg": {
            "precision": 0.35472683127566673,
            "recall": 0.35532407407407407,
            "f1-score": 0.3534940248087462,
            "support": 864.0
        }
    }
}