{
    "accuracy": 0.296,
    "f1_score": 0.288,
    "recall": 0.296,
    "precision": 0.321,
    "classification_report": {
        "0": {
            "precision": 0.23157894736842105,
            "recall": 0.3055555555555556,
            "f1-score": 0.2634730538922156,
            "support": 216.0
        },
        "1": {
            "precision": 0.3684210526315789,
            "recall": 0.2916666666666667,
            "f1-score": 0.32558139534883723,
            "support": 216.0
        },
        "2": {
            "precision": 0.2917933130699088,
            "recall": 0.4444444444444444,
            "f1-score": 0.3522935779816514,
            "support": 216.0
        },
        "3": {
            "precision": 0.3924050632911392,
            "recall": 0.14351851851851852,
            "f1-score": 0.21016949152542372,
            "support": 216.0
        },
        "accuracy": 0.2962962962962963,
        "macro avg": {
            "precision": 0.321049594090262,
            "recall": 0.29629629629629634,
            "f1-score": 0.287879379687032,
            "support": 864.0
        },
        "weighted avg": {
            "precision": 0.321049594090262,
            "recall": 0.2962962962962963,
            "f1-score": 0.287879379687032,
            "support": 864.0
        }
    }
}