{
    "accuracy": 0.269,
    "f1_score": 0.263,
    "recall": 0.269,
    "precision": 0.271,
    "classification_report": {
        "0": {
            "precision": 0.2727272727272727,
            "recall": 0.2638888888888889,
            "f1-score": 0.26823529411764707,
            "support": 216.0
        },
        "1": {
            "precision": 0.27,
            "recall": 0.25,
            "f1-score": 0.25961538461538464,
            "support": 216.0
        },
        "2": {
            "precision": 0.2607361963190184,
            "recall": 0.39351851851851855,
            "f1-score": 0.31365313653136534,
            "support": 216.0
        },
        "3": {
            "precision": 0.27906976744186046,
            "recall": 0.16666666666666666,
            "f1-score": 0.20869565217391303,
            "support": 216.0
        },
        "accuracy": 0.26851851851851855,
        "macro avg": {
            "precision": 0.2706333091220379,
            "recall": 0.26851851851851855,
            "f1-score": 0.2625498668595775,
            "support": 864.0
        },
        "weighted avg": {
            "precision": 0.27063330912203787,
            "recall": 0.26851851851851855,
            "f1-score": 0.26254986685957754,
            "support": 864.0
        }
    }
}