{
    "accuracy": 0.634,
    "f1_score": 0.695,
    "recall": 0.634,
    "precision": 0.81,
    "classification_report": {
        "0": {
            "precision": 0.17073170731707318,
            "recall": 0.5,
            "f1-score": 0.2545454545454545,
            "support": 14.0
        },
        "1": {
            "precision": 0.9014084507042254,
            "recall": 0.6530612244897959,
            "f1-score": 0.757396449704142,
            "support": 98.0
        },
        "accuracy": 0.6339285714285714,
        "macro avg": {
            "precision": 0.5360700790106493,
            "recall": 0.5765306122448979,
            "f1-score": 0.5059709521247983,
            "support": 112.0
        },
        "weighted avg": {
            "precision": 0.8100738577808313,
            "recall": 0.6339285714285714,
            "f1-score": 0.6945400753093061,
            "support": 112.0
        }
    }
}