{
    "accuracy": 0.58,
    "f1_score": 0.5,
    "recall": 0.58,
    "precision": 0.727,
    "classification_report": {
        "0": {
            "precision": 0.9090909090909091,
            "recall": 0.17857142857142858,
            "f1-score": 0.29850746268656714,
            "support": 56.0
        },
        "1": {
            "precision": 0.5445544554455446,
            "recall": 0.9821428571428571,
            "f1-score": 0.7006369426751592,
            "support": 56.0
        },
        "accuracy": 0.5803571428571429,
        "macro avg": {
            "precision": 0.7268226822682269,
            "recall": 0.5803571428571428,
            "f1-score": 0.49957220268086316,
            "support": 112.0
        },
        "weighted avg": {
            "precision": 0.7268226822682269,
            "recall": 0.5803571428571429,
            "f1-score": 0.49957220268086316,
            "support": 112.0
        }
    }
}