{
    "accuracy": 0.464,
    "f1_score": 0.473,
    "recall": 0.464,
    "precision": 0.5,
    "classification_report": {
        "0": {
            "precision": 0.5925925925925926,
            "recall": 0.45714285714285713,
            "f1-score": 0.5161290322580645,
            "support": 70.0
        },
        "1": {
            "precision": 0.3448275862068966,
            "recall": 0.47619047619047616,
            "f1-score": 0.4,
            "support": 42.0
        },
        "accuracy": 0.4642857142857143,
        "macro avg": {
            "precision": 0.46871008939974457,
            "recall": 0.4666666666666667,
            "f1-score": 0.45806451612903226,
            "support": 112.0
        },
        "weighted avg": {
            "precision": 0.4996807151979566,
            "recall": 0.4642857142857143,
            "f1-score": 0.4725806451612903,
            "support": 112.0
        }
    }
}