{
    "accuracy": 0.598,
    "f1_score": 0.563,
    "recall": 0.598,
    "precision": 0.563,
    "classification_report": {
        "0": {
            "precision": 0.43478260869565216,
            "recall": 0.23809523809523808,
            "f1-score": 0.3076923076923077,
            "support": 42.0
        },
        "1": {
            "precision": 0.6404494382022472,
            "recall": 0.8142857142857143,
            "f1-score": 0.7169811320754716,
            "support": 70.0
        },
        "accuracy": 0.5982142857142857,
        "macro avg": {
            "precision": 0.5376160234489497,
            "recall": 0.5261904761904762,
            "f1-score": 0.5123367198838897,
            "support": 112.0
        },
        "weighted avg": {
            "precision": 0.5633243771372741,
            "recall": 0.5982142857142857,
            "f1-score": 0.5634978229317851,
            "support": 112.0
        }
    }
}