{
    "accuracy": 0.393,
    "f1_score": 0.358,
    "recall": 0.393,
    "precision": 0.363,
    "classification_report": {
        "0": {
            "precision": 0.3,
            "recall": 0.16071428571428573,
            "f1-score": 0.20930232558139536,
            "support": 56.0
        },
        "1": {
            "precision": 0.4268292682926829,
            "recall": 0.625,
            "f1-score": 0.5072463768115942,
            "support": 56.0
        },
        "accuracy": 0.39285714285714285,
        "macro avg": {
            "precision": 0.36341463414634145,
            "recall": 0.39285714285714285,
            "f1-score": 0.3582743511964948,
            "support": 112.0
        },
        "weighted avg": {
            "precision": 0.36341463414634145,
            "recall": 0.39285714285714285,
            "f1-score": 0.3582743511964948,
            "support": 112.0
        }
    }
}