{
    "accuracy": 0.545,
    "f1_score": 0.544,
    "recall": 0.545,
    "precision": 0.542,
    "classification_report": {
        "0": {
            "precision": 0.6338028169014085,
            "recall": 0.6428571428571429,
            "f1-score": 0.6382978723404256,
            "support": 70.0
        },
        "1": {
            "precision": 0.3902439024390244,
            "recall": 0.38095238095238093,
            "f1-score": 0.3855421686746988,
            "support": 42.0
        },
        "accuracy": 0.5446428571428571,
        "macro avg": {
            "precision": 0.5120233596702164,
            "recall": 0.5119047619047619,
            "f1-score": 0.5119200205075622,
            "support": 112.0
        },
        "weighted avg": {
            "precision": 0.5424682239780144,
            "recall": 0.5446428571428571,
            "f1-score": 0.543514483465778,
            "support": 112.0
        }
    }
}