{
    "accuracy": 0.661,
    "f1_score": 0.666,
    "recall": 0.661,
    "precision": 0.698,
    "classification_report": {
        "0": {
            "precision": 0.7962962962962963,
            "recall": 0.6142857142857143,
            "f1-score": 0.6935483870967742,
            "support": 70.0
        },
        "1": {
            "precision": 0.5344827586206896,
            "recall": 0.7380952380952381,
            "f1-score": 0.62,
            "support": 42.0
        },
        "accuracy": 0.6607142857142857,
        "macro avg": {
            "precision": 0.6653895274584929,
            "recall": 0.6761904761904762,
            "f1-score": 0.6567741935483871,
            "support": 112.0
        },
        "weighted avg": {
            "precision": 0.6981162196679438,
            "recall": 0.6607142857142857,
            "f1-score": 0.6659677419354839,
            "support": 112.0
        }
    }
}