{
    "accuracy": 0.661,
    "f1_score": 0.662,
    "recall": 0.661,
    "precision": 0.664,
    "classification_report": {
        "0": {
            "precision": 0.5454545454545454,
            "recall": 0.5714285714285714,
            "f1-score": 0.5581395348837209,
            "support": 42.0
        },
        "1": {
            "precision": 0.7352941176470589,
            "recall": 0.7142857142857143,
            "f1-score": 0.7246376811594203,
            "support": 70.0
        },
        "accuracy": 0.6607142857142857,
        "macro avg": {
            "precision": 0.6403743315508021,
            "recall": 0.6428571428571428,
            "f1-score": 0.6413886080215706,
            "support": 112.0
        },
        "weighted avg": {
            "precision": 0.6641042780748663,
            "recall": 0.6607142857142857,
            "f1-score": 0.6622008763060331,
            "support": 112.0
        }
    }
}