{
    "accuracy": 0.607,
    "f1_score": 0.597,
    "recall": 0.607,
    "precision": 0.619,
    "classification_report": {
        "0": {
            "precision": 0.6578947368421053,
            "recall": 0.44642857142857145,
            "f1-score": 0.5319148936170213,
            "support": 56.0
        },
        "1": {
            "precision": 0.581081081081081,
            "recall": 0.7678571428571429,
            "f1-score": 0.6615384615384615,
            "support": 56.0
        },
        "accuracy": 0.6071428571428571,
        "macro avg": {
            "precision": 0.6194879089615932,
            "recall": 0.6071428571428572,
            "f1-score": 0.5967266775777413,
            "support": 112.0
        },
        "weighted avg": {
            "precision": 0.6194879089615932,
            "recall": 0.6071428571428571,
            "f1-score": 0.5967266775777414,
            "support": 112.0
        }
    }
}