{
    "accuracy": 0.625,
    "f1_score": 0.612,
    "recall": 0.625,
    "precision": 0.609,
    "classification_report": {
        "0": {
            "precision": 0.675,
            "recall": 0.7714285714285715,
            "f1-score": 0.72,
            "support": 70.0
        },
        "1": {
            "precision": 0.5,
            "recall": 0.38095238095238093,
            "f1-score": 0.43243243243243246,
            "support": 42.0
        },
        "accuracy": 0.625,
        "macro avg": {
            "precision": 0.5875,
            "recall": 0.5761904761904761,
            "f1-score": 0.5762162162162162,
            "support": 112.0
        },
        "weighted avg": {
            "precision": 0.609375,
            "recall": 0.625,
            "f1-score": 0.6121621621621622,
            "support": 112.0
        }
    }
}