{
    "accuracy": 0.643,
    "f1_score": 0.646,
    "recall": 0.643,
    "precision": 0.709,
    "classification_report": {
        "0": {
            "precision": 0.8260869565217391,
            "recall": 0.5428571428571428,
            "f1-score": 0.6551724137931034,
            "support": 70.0
        },
        "1": {
            "precision": 0.5151515151515151,
            "recall": 0.8095238095238095,
            "f1-score": 0.6296296296296297,
            "support": 42.0
        },
        "accuracy": 0.6428571428571429,
        "macro avg": {
            "precision": 0.6706192358366272,
            "recall": 0.6761904761904762,
            "f1-score": 0.6424010217113665,
            "support": 112.0
        },
        "weighted avg": {
            "precision": 0.7094861660079052,
            "recall": 0.6428571428571429,
            "f1-score": 0.6455938697318008,
            "support": 112.0
        }
    }
}