{
    "accuracy": 0.455,
    "f1_score": 0.458,
    "recall": 0.455,
    "precision": 0.748,
    "classification_report": {
        "0": {
            "precision": 0.30120481927710846,
            "recall": 0.8928571428571429,
            "f1-score": 0.45045045045045046,
            "support": 28.0
        },
        "1": {
            "precision": 0.896551724137931,
            "recall": 0.30952380952380953,
            "f1-score": 0.46017699115044247,
            "support": 84.0
        },
        "accuracy": 0.45535714285714285,
        "macro avg": {
            "precision": 0.5988782717075197,
            "recall": 0.6011904761904763,
            "f1-score": 0.45531372080044646,
            "support": 112.0
        },
        "weighted avg": {
            "precision": 0.7477149979227253,
            "recall": 0.45535714285714285,
            "f1-score": 0.45774535597544447,
            "support": 112.0
        }
    }
}