{
    "accuracy": 0.509,
    "f1_score": 0.494,
    "recall": 0.509,
    "precision": 0.485,
    "classification_report": {
        "0": {
            "precision": 0.5949367088607594,
            "recall": 0.6714285714285714,
            "f1-score": 0.6308724832214765,
            "support": 70.0
        },
        "1": {
            "precision": 0.30303030303030304,
            "recall": 0.23809523809523808,
            "f1-score": 0.26666666666666666,
            "support": 42.0
        },
        "accuracy": 0.5089285714285714,
        "macro avg": {
            "precision": 0.44898350594553127,
            "recall": 0.4547619047619047,
            "f1-score": 0.44876957494407155,
            "support": 112.0
        },
        "weighted avg": {
            "precision": 0.4854718066743383,
            "recall": 0.5089285714285714,
            "f1-score": 0.4942953020134228,
            "support": 112.0
        }
    }
}