{
    "accuracy": 0.58,
    "f1_score": 0.54,
    "recall": 0.58,
    "precision": 0.623,
    "classification_report": {
        "0": {
            "precision": 0.6956521739130435,
            "recall": 0.2857142857142857,
            "f1-score": 0.4050632911392405,
            "support": 56.0
        },
        "1": {
            "precision": 0.550561797752809,
            "recall": 0.875,
            "f1-score": 0.6758620689655173,
            "support": 56.0
        },
        "accuracy": 0.5803571428571429,
        "macro avg": {
            "precision": 0.6231069858329262,
            "recall": 0.5803571428571428,
            "f1-score": 0.5404626800523789,
            "support": 112.0
        },
        "weighted avg": {
            "precision": 0.6231069858329263,
            "recall": 0.5803571428571429,
            "f1-score": 0.5404626800523789,
            "support": 112.0
        }
    }
}