{
    "accuracy": 0.5,
    "f1_score": 0.494,
    "recall": 0.5,
    "precision": 0.49,
    "classification_report": {
        "0": {
            "precision": 0.3157894736842105,
            "recall": 0.2857142857142857,
            "f1-score": 0.3,
            "support": 42.0
        },
        "1": {
            "precision": 0.5945945945945946,
            "recall": 0.6285714285714286,
            "f1-score": 0.6111111111111112,
            "support": 70.0
        },
        "accuracy": 0.5,
        "macro avg": {
            "precision": 0.45519203413940257,
            "recall": 0.45714285714285713,
            "f1-score": 0.4555555555555556,
            "support": 112.0
        },
        "weighted avg": {
            "precision": 0.4900426742532006,
            "recall": 0.5,
            "f1-score": 0.49444444444444446,
            "support": 112.0
        }
    }
}