{
    "accuracy": 0.625,
    "f1_score": 0.65,
    "recall": 0.625,
    "precision": 0.729,
    "classification_report": {
        "0": {
            "precision": 0.85,
            "recall": 0.6071428571428571,
            "f1-score": 0.7083333333333334,
            "support": 84.0
        },
        "1": {
            "precision": 0.36538461538461536,
            "recall": 0.6785714285714286,
            "f1-score": 0.475,
            "support": 28.0
        },
        "accuracy": 0.625,
        "macro avg": {
            "precision": 0.6076923076923076,
            "recall": 0.6428571428571428,
            "f1-score": 0.5916666666666667,
            "support": 112.0
        },
        "weighted avg": {
            "precision": 0.7288461538461537,
            "recall": 0.625,
            "f1-score": 0.65,
            "support": 112.0
        }
    }
}