{
    "accuracy": 0.509,
    "f1_score": 0.508,
    "recall": 0.509,
    "precision": 0.509,
    "classification_report": {
        "0": {
            "precision": 0.5098039215686274,
            "recall": 0.4642857142857143,
            "f1-score": 0.48598130841121495,
            "support": 56.0
        },
        "1": {
            "precision": 0.5081967213114754,
            "recall": 0.5535714285714286,
            "f1-score": 0.5299145299145299,
            "support": 56.0
        },
        "accuracy": 0.5089285714285714,
        "macro avg": {
            "precision": 0.5090003214400514,
            "recall": 0.5089285714285714,
            "f1-score": 0.5079479191628724,
            "support": 112.0
        },
        "weighted avg": {
            "precision": 0.5090003214400515,
            "recall": 0.5089285714285714,
            "f1-score": 0.5079479191628724,
            "support": 112.0
        }
    }
}