{
    "accuracy": 0.411,
    "f1_score": 0.42,
    "recall": 0.411,
    "precision": 0.442,
    "classification_report": {
        "0": {
            "precision": 0.2857142857142857,
            "recall": 0.38095238095238093,
            "f1-score": 0.32653061224489793,
            "support": 42.0
        },
        "1": {
            "precision": 0.5357142857142857,
            "recall": 0.42857142857142855,
            "f1-score": 0.47619047619047616,
            "support": 70.0
        },
        "accuracy": 0.4107142857142857,
        "macro avg": {
            "precision": 0.4107142857142857,
            "recall": 0.40476190476190477,
            "f1-score": 0.4013605442176871,
            "support": 112.0
        },
        "weighted avg": {
            "precision": 0.4419642857142857,
            "recall": 0.4107142857142857,
            "f1-score": 0.4200680272108843,
            "support": 112.0
        }
    }
}