{
    "accuracy": 0.348,
    "f1_score": 0.433,
    "recall": 0.348,
    "precision": 0.715,
    "classification_report": {
        "0": {
            "precision": 0.8048780487804879,
            "recall": 0.336734693877551,
            "f1-score": 0.4748201438848921,
            "support": 98.0
        },
        "1": {
            "precision": 0.08450704225352113,
            "recall": 0.42857142857142855,
            "f1-score": 0.1411764705882353,
            "support": 14.0
        },
        "accuracy": 0.3482142857142857,
        "macro avg": {
            "precision": 0.4446925455170045,
            "recall": 0.3826530612244898,
            "f1-score": 0.3079983072365637,
            "support": 112.0
        },
        "weighted avg": {
            "precision": 0.714831672964617,
            "recall": 0.3482142857142857,
            "f1-score": 0.43311468472280995,
            "support": 112.0
        }
    }
}