{
    "accuracy": 0.741,
    "f1_score": 0.77,
    "recall": 0.741,
    "precision": 0.809,
    "classification_report": {
        "0": {
            "precision": 0.2,
            "recall": 0.35714285714285715,
            "f1-score": 0.2564102564102564,
            "support": 14.0
        },
        "1": {
            "precision": 0.896551724137931,
            "recall": 0.7959183673469388,
            "f1-score": 0.8432432432432433,
            "support": 98.0
        },
        "accuracy": 0.7410714285714286,
        "macro avg": {
            "precision": 0.5482758620689655,
            "recall": 0.576530612244898,
            "f1-score": 0.5498267498267498,
            "support": 112.0
        },
        "weighted avg": {
            "precision": 0.8094827586206896,
            "recall": 0.7410714285714286,
            "f1-score": 0.7698891198891199,
            "support": 112.0
        }
    }
}