{
    "accuracy": 0.464,
    "f1_score": 0.317,
    "recall": 0.464,
    "precision": 0.241,
    "classification_report": {
        "0": {
            "precision": 0.48148148148148145,
            "recall": 0.9285714285714286,
            "f1-score": 0.6341463414634146,
            "support": 56.0
        },
        "1": {
            "precision": 0.0,
            "recall": 0.0,
            "f1-score": 0.0,
            "support": 56.0
        },
        "accuracy": 0.4642857142857143,
        "macro avg": {
            "precision": 0.24074074074074073,
            "recall": 0.4642857142857143,
            "f1-score": 0.3170731707317073,
            "support": 112.0
        },
        "weighted avg": {
            "precision": 0.24074074074074073,
            "recall": 0.4642857142857143,
            "f1-score": 0.3170731707317073,
            "support": 112.0
        }
    }
}