{
    "accuracy": 0.616,
    "f1_score": 0.608,
    "recall": 0.616,
    "precision": 0.604,
    "classification_report": {
        "0": {
            "precision": 0.6753246753246753,
            "recall": 0.7428571428571429,
            "f1-score": 0.7074829931972789,
            "support": 70.0
        },
        "1": {
            "precision": 0.4857142857142857,
            "recall": 0.40476190476190477,
            "f1-score": 0.44155844155844154,
            "support": 42.0
        },
        "accuracy": 0.6160714285714286,
        "macro avg": {
            "precision": 0.5805194805194805,
            "recall": 0.5738095238095238,
            "f1-score": 0.5745207173778603,
            "support": 112.0
        },
        "weighted avg": {
            "precision": 0.6042207792207792,
            "recall": 0.6160714285714286,
            "f1-score": 0.6077612863327149,
            "support": 112.0
        }
    }
}