{
    "accuracy": 0.714,
    "f1_score": 0.716,
    "recall": 0.714,
    "precision": 0.717,
    "classification_report": {
        "0": {
            "precision": 0.6136363636363636,
            "recall": 0.6428571428571429,
            "f1-score": 0.627906976744186,
            "support": 42.0
        },
        "1": {
            "precision": 0.7794117647058824,
            "recall": 0.7571428571428571,
            "f1-score": 0.7681159420289855,
            "support": 70.0
        },
        "accuracy": 0.7142857142857143,
        "macro avg": {
            "precision": 0.696524064171123,
            "recall": 0.7,
            "f1-score": 0.6980114593865858,
            "support": 112.0
        },
        "weighted avg": {
            "precision": 0.717245989304813,
            "recall": 0.7142857142857143,
            "f1-score": 0.7155375800471857,
            "support": 112.0
        }
    }
}