{
    "accuracy": 0.545,
    "f1_score": 0.546,
    "recall": 0.545,
    "precision": 0.614,
    "classification_report": {
        "0": {
            "precision": 0.7209302325581395,
            "recall": 0.44285714285714284,
            "f1-score": 0.5486725663716814,
            "support": 70.0
        },
        "1": {
            "precision": 0.43478260869565216,
            "recall": 0.7142857142857143,
            "f1-score": 0.5405405405405406,
            "support": 42.0
        },
        "accuracy": 0.5446428571428571,
        "macro avg": {
            "precision": 0.5778564206268958,
            "recall": 0.5785714285714285,
            "f1-score": 0.544606553456111,
            "support": 112.0
        },
        "weighted avg": {
            "precision": 0.6136248736097067,
            "recall": 0.5446428571428571,
            "f1-score": 0.5456230566850035,
            "support": 112.0
        }
    }
}