{
    "accuracy": 0.304,
    "f1_score": 0.349,
    "recall": 0.304,
    "precision": 0.411,
    "classification_report": {
        "0": {
            "precision": 0.5483870967741935,
            "recall": 0.40476190476190477,
            "f1-score": 0.4657534246575342,
            "support": 84.0
        },
        "1": {
            "precision": 0.0,
            "recall": 0.0,
            "f1-score": 0.0,
            "support": 28.0
        },
        "accuracy": 0.30357142857142855,
        "macro avg": {
            "precision": 0.27419354838709675,
            "recall": 0.20238095238095238,
            "f1-score": 0.2328767123287671,
            "support": 112.0
        },
        "weighted avg": {
            "precision": 0.41129032258064513,
            "recall": 0.30357142857142855,
            "f1-score": 0.34931506849315064,
            "support": 112.0
        }
    }
}