{
    "accuracy": 0.545,
    "f1_score": 0.534,
    "recall": 0.545,
    "precision": 0.549,
    "classification_report": {
        "0": {
            "precision": 0.5641025641025641,
            "recall": 0.39285714285714285,
            "f1-score": 0.4631578947368421,
            "support": 56.0
        },
        "1": {
            "precision": 0.5342465753424658,
            "recall": 0.6964285714285714,
            "f1-score": 0.6046511627906976,
            "support": 56.0
        },
        "accuracy": 0.5446428571428571,
        "macro avg": {
            "precision": 0.549174569722515,
            "recall": 0.5446428571428571,
            "f1-score": 0.5339045287637698,
            "support": 112.0
        },
        "weighted avg": {
            "precision": 0.549174569722515,
            "recall": 0.5446428571428571,
            "f1-score": 0.5339045287637699,
            "support": 112.0
        }
    }
}