{
    "accuracy": 0.509,
    "f1_score": 0.585,
    "recall": 0.509,
    "precision": 0.827,
    "classification_report": {
        "0": {
            "precision": 0.16393442622950818,
            "recall": 0.7142857142857143,
            "f1-score": 0.26666666666666666,
            "support": 14.0
        },
        "1": {
            "precision": 0.9215686274509803,
            "recall": 0.47959183673469385,
            "f1-score": 0.6308724832214765,
            "support": 98.0
        },
        "accuracy": 0.5089285714285714,
        "macro avg": {
            "precision": 0.5427515268402443,
            "recall": 0.596938775510204,
            "f1-score": 0.44876957494407155,
            "support": 112.0
        },
        "weighted avg": {
            "precision": 0.8268643522982965,
            "recall": 0.5089285714285714,
            "f1-score": 0.5853467561521253,
            "support": 112.0
        }
    }
}