{
    "accuracy": 0.598,
    "f1_score": 0.616,
    "recall": 0.598,
    "precision": 0.827,
    "classification_report": {
        "0": {
            "precision": 0.975609756097561,
            "recall": 0.47619047619047616,
            "f1-score": 0.64,
            "support": 84.0
        },
        "1": {
            "precision": 0.38028169014084506,
            "recall": 0.9642857142857143,
            "f1-score": 0.5454545454545454,
            "support": 28.0
        },
        "accuracy": 0.5982142857142857,
        "macro avg": {
            "precision": 0.677945723119203,
            "recall": 0.7202380952380952,
            "f1-score": 0.5927272727272728,
            "support": 112.0
        },
        "weighted avg": {
            "precision": 0.8267777396083821,
            "recall": 0.5982142857142857,
            "f1-score": 0.6163636363636363,
            "support": 112.0
        }
    }
}