{
    "accuracy": 0.696,
    "f1_score": 0.666,
    "recall": 0.696,
    "precision": 0.811,
    "classification_report": {
        "0": {
            "precision": 1.0,
            "recall": 0.39285714285714285,
            "f1-score": 0.5641025641025641,
            "support": 56.0
        },
        "1": {
            "precision": 0.6222222222222222,
            "recall": 1.0,
            "f1-score": 0.7671232876712328,
            "support": 56.0
        },
        "accuracy": 0.6964285714285714,
        "macro avg": {
            "precision": 0.8111111111111111,
            "recall": 0.6964285714285714,
            "f1-score": 0.6656129258868985,
            "support": 112.0
        },
        "weighted avg": {
            "precision": 0.8111111111111111,
            "recall": 0.6964285714285714,
            "f1-score": 0.6656129258868985,
            "support": 112.0
        }
    }
}