{
    "accuracy": 0.616,
    "f1_score": 0.596,
    "recall": 0.616,
    "precision": 0.81,
    "classification_report": {
        "0": {
            "precision": 0.49411764705882355,
            "recall": 1.0,
            "f1-score": 0.6614173228346457,
            "support": 42.0
        },
        "1": {
            "precision": 1.0,
            "recall": 0.38571428571428573,
            "f1-score": 0.5567010309278351,
            "support": 70.0
        },
        "accuracy": 0.6160714285714286,
        "macro avg": {
            "precision": 0.7470588235294118,
            "recall": 0.6928571428571428,
            "f1-score": 0.6090591768812403,
            "support": 112.0
        },
        "weighted avg": {
            "precision": 0.8102941176470588,
            "recall": 0.6160714285714286,
            "f1-score": 0.5959696403928891,
            "support": 112.0
        }
    }
}