{
    "accuracy": 0.49,
    "f1_score": 0.482,
    "recall": 0.49,
    "precision": 0.52,
    "classification_report": {
        "0": {
            "precision": 0.8461538461538461,
            "recall": 0.5092592592592593,
            "f1-score": 0.6358381502890174,
            "support": 216.0
        },
        "1": {
            "precision": 0.3724137931034483,
            "recall": 0.25,
            "f1-score": 0.29916897506925205,
            "support": 216.0
        },
        "2": {
            "precision": 0.3855932203389831,
            "recall": 0.4212962962962963,
            "f1-score": 0.4026548672566372,
            "support": 216.0
        },
        "3": {
            "precision": 0.47592067988668557,
            "recall": 0.7777777777777778,
            "f1-score": 0.5905096660808435,
            "support": 216.0
        },
        "accuracy": 0.4895833333333333,
        "macro avg": {
            "precision": 0.5200203848707408,
            "recall": 0.48958333333333337,
            "f1-score": 0.48204291467393756,
            "support": 864.0
        },
        "weighted avg": {
            "precision": 0.5200203848707408,
            "recall": 0.4895833333333333,
            "f1-score": 0.4820429146739375,
            "support": 864.0
        }
    }
}