{
    "accuracy": 0.288,
    "f1_score": 0.286,
    "recall": 0.288,
    "precision": 0.29,
    "classification_report": {
        "0": {
            "precision": 0.2849162011173184,
            "recall": 0.2361111111111111,
            "f1-score": 0.2582278481012658,
            "support": 216.0
        },
        "1": {
            "precision": 0.27491408934707906,
            "recall": 0.37037037037037035,
            "f1-score": 0.3155818540433925,
            "support": 216.0
        },
        "2": {
            "precision": 0.30456852791878175,
            "recall": 0.2777777777777778,
            "f1-score": 0.29055690072639223,
            "support": 216.0
        },
        "3": {
            "precision": 0.29441624365482233,
            "recall": 0.26851851851851855,
            "f1-score": 0.28087167070217917,
            "support": 216.0
        },
        "accuracy": 0.2881944444444444,
        "macro avg": {
            "precision": 0.2897037655095004,
            "recall": 0.2881944444444444,
            "f1-score": 0.28630956839330746,
            "support": 864.0
        },
        "weighted avg": {
            "precision": 0.2897037655095004,
            "recall": 0.2881944444444444,
            "f1-score": 0.28630956839330746,
            "support": 864.0
        }
    }
}