{
    "accuracy": 0.421,
    "f1_score": 0.423,
    "recall": 0.421,
    "precision": 0.442,
    "classification_report": {
        "0": {
            "precision": 0.3695652173913043,
            "recall": 0.3148148148148148,
            "f1-score": 0.34,
            "support": 216.0
        },
        "1": {
            "precision": 0.5426829268292683,
            "recall": 0.41203703703703703,
            "f1-score": 0.46842105263157896,
            "support": 216.0
        },
        "2": {
            "precision": 0.3392857142857143,
            "recall": 0.5277777777777778,
            "f1-score": 0.41304347826086957,
            "support": 216.0
        },
        "3": {
            "precision": 0.5166666666666667,
            "recall": 0.4305555555555556,
            "f1-score": 0.4696969696969697,
            "support": 216.0
        },
        "accuracy": 0.4212962962962963,
        "macro avg": {
            "precision": 0.44205013129323845,
            "recall": 0.42129629629629634,
            "f1-score": 0.42279037514735457,
            "support": 864.0
        },
        "weighted avg": {
            "precision": 0.44205013129323845,
            "recall": 0.4212962962962963,
            "f1-score": 0.42279037514735457,
            "support": 864.0
        }
    }
}