{
    "accuracy": 0.378,
    "f1_score": 0.376,
    "recall": 0.378,
    "precision": 0.384,
    "classification_report": {
        "0": {
            "precision": 0.35135135135135137,
            "recall": 0.48148148148148145,
            "f1-score": 0.40625,
            "support": 216.0
        },
        "1": {
            "precision": 0.38235294117647056,
            "recall": 0.30092592592592593,
            "f1-score": 0.33678756476683935,
            "support": 216.0
        },
        "2": {
            "precision": 0.37280701754385964,
            "recall": 0.39351851851851855,
            "f1-score": 0.38288288288288286,
            "support": 216.0
        },
        "3": {
            "precision": 0.4294117647058823,
            "recall": 0.33796296296296297,
            "f1-score": 0.37823834196891193,
            "support": 216.0
        },
        "accuracy": 0.3784722222222222,
        "macro avg": {
            "precision": 0.38398076869439096,
            "recall": 0.37847222222222227,
            "f1-score": 0.37603969740465853,
            "support": 864.0
        },
        "weighted avg": {
            "precision": 0.383980768694391,
            "recall": 0.3784722222222222,
            "f1-score": 0.3760396974046586,
            "support": 864.0
        }
    }
}