{
    "accuracy": 0.45,
    "f1_score": 0.445,
    "recall": 0.45,
    "precision": 0.447,
    "classification_report": {
        "0": {
            "precision": 0.4587628865979381,
            "recall": 0.41203703703703703,
            "f1-score": 0.43414634146341463,
            "support": 216.0
        },
        "1": {
            "precision": 0.4838709677419355,
            "recall": 0.4166666666666667,
            "f1-score": 0.44776119402985076,
            "support": 216.0
        },
        "2": {
            "precision": 0.3446601941747573,
            "recall": 0.3287037037037037,
            "f1-score": 0.33649289099526064,
            "support": 216.0
        },
        "3": {
            "precision": 0.5,
            "recall": 0.6435185185185185,
            "f1-score": 0.562753036437247,
            "support": 216.0
        },
        "accuracy": 0.45023148148148145,
        "macro avg": {
            "precision": 0.44682351212865773,
            "recall": 0.4502314814814815,
            "f1-score": 0.44528836573144326,
            "support": 864.0
        },
        "weighted avg": {
            "precision": 0.4468235121286577,
            "recall": 0.45023148148148145,
            "f1-score": 0.44528836573144326,
            "support": 864.0
        }
    }
}