{
    "accuracy": 0.407,
    "f1_score": 0.406,
    "recall": 0.407,
    "precision": 0.421,
    "classification_report": {
        "0": {
            "precision": 0.44285714285714284,
            "recall": 0.5740740740740741,
            "f1-score": 0.5,
            "support": 216.0
        },
        "1": {
            "precision": 0.3770491803278688,
            "recall": 0.3194444444444444,
            "f1-score": 0.3458646616541353,
            "support": 216.0
        },
        "2": {
            "precision": 0.31007751937984496,
            "recall": 0.37037037037037035,
            "f1-score": 0.33755274261603374,
            "support": 216.0
        },
        "3": {
            "precision": 0.5524475524475524,
            "recall": 0.36574074074074076,
            "f1-score": 0.4401114206128134,
            "support": 216.0
        },
        "accuracy": 0.4074074074074074,
        "macro avg": {
            "precision": 0.4206078487531023,
            "recall": 0.4074074074074074,
            "f1-score": 0.4058822062207456,
            "support": 864.0
        },
        "weighted avg": {
            "precision": 0.42060784875310225,
            "recall": 0.4074074074074074,
            "f1-score": 0.40588220622074556,
            "support": 864.0
        }
    }
}