{
    "accuracy": 0.262,
    "f1_score": 0.248,
    "recall": 0.262,
    "precision": 0.268,
    "classification_report": {
        "0": {
            "precision": 0.2777777777777778,
            "recall": 0.11574074074074074,
            "f1-score": 0.16339869281045752,
            "support": 216.0
        },
        "1": {
            "precision": 0.24471299093655588,
            "recall": 0.375,
            "f1-score": 0.2961608775137112,
            "support": 216.0
        },
        "2": {
            "precision": 0.28368794326241137,
            "recall": 0.18518518518518517,
            "f1-score": 0.22408963585434175,
            "support": 216.0
        },
        "3": {
            "precision": 0.26490066225165565,
            "recall": 0.37037037037037035,
            "f1-score": 0.3088803088803089,
            "support": 216.0
        },
        "accuracy": 0.26157407407407407,
        "macro avg": {
            "precision": 0.26776984355710015,
            "recall": 0.26157407407407407,
            "f1-score": 0.24813237876470484,
            "support": 864.0
        },
        "weighted avg": {
            "precision": 0.2677698435571002,
            "recall": 0.26157407407407407,
            "f1-score": 0.24813237876470481,
            "support": 864.0
        }
    }
}