{
    "accuracy": 0.5,
    "f1_score": 0.5,
    "recall": 0.5,
    "precision": 0.5,
    "classification_report": {
        "0": {
            "precision": 0.5454545454545454,
            "recall": 0.5454545454545454,
            "f1-score": 0.5454545454545454,
            "support": 11.0
        },
        "1": {
            "precision": 0.4444444444444444,
            "recall": 0.4444444444444444,
            "f1-score": 0.4444444444444444,
            "support": 9.0
        },
        "accuracy": 0.5,
        "macro avg": {
            "precision": 0.4949494949494949,
            "recall": 0.4949494949494949,
            "f1-score": 0.4949494949494949,
            "support": 20.0
        },
        "weighted avg": {
            "precision": 0.5,
            "recall": 0.5,
            "f1-score": 0.5,
            "support": 20.0
        }
    }
}