{
    "accuracy": 0.251,
    "f1_score": 0.183,
    "recall": 0.251,
    "precision": 0.172,
    "classification_report": {
        "0": {
            "precision": 0.18,
            "recall": 0.041666666666666664,
            "f1-score": 0.06766917293233082,
            "support": 216.0
        },
        "1": {
            "precision": 0.23180592991913745,
            "recall": 0.39814814814814814,
            "f1-score": 0.293015332197615,
            "support": 216.0
        },
        "2": {
            "precision": 0.27539503386004516,
            "recall": 0.5648148148148148,
            "f1-score": 0.37025796661608495,
            "support": 216.0
        },
        "3": {
            "precision": 0.0,
            "recall": 0.0,
            "f1-score": 0.0,
            "support": 216.0
        },
        "accuracy": 0.2511574074074074,
        "macro avg": {
            "precision": 0.17180024094479565,
            "recall": 0.2511574074074074,
            "f1-score": 0.1827356179365077,
            "support": 864.0
        },
        "weighted avg": {
            "precision": 0.17180024094479565,
            "recall": 0.2511574074074074,
            "f1-score": 0.1827356179365077,
            "support": 864.0
        }
    }
}