{
    "accuracy": 0.794,
    "f1_score": 0.786,
    "recall": 0.794,
    "precision": 0.815,
    "classification_report": {
        "0": {
            "precision": 0.7551020408163265,
            "recall": 0.925,
            "f1-score": 0.8314606741573034,
            "support": 40.0
        },
        "1": {
            "precision": 0.7307692307692307,
            "recall": 0.95,
            "f1-score": 0.8260869565217391,
            "support": 40.0
        },
        "2": {
            "precision": 0.9166666666666666,
            "recall": 0.55,
            "f1-score": 0.6875,
            "support": 40.0
        },
        "3": {
            "precision": 0.8571428571428571,
            "recall": 0.75,
            "f1-score": 0.8,
            "support": 40.0
        },
        "accuracy": 0.79375,
        "macro avg": {
            "precision": 0.8149201988487702,
            "recall": 0.79375,
            "f1-score": 0.7862619076697606,
            "support": 160.0
        },
        "weighted avg": {
            "precision": 0.8149201988487702,
            "recall": 0.79375,
            "f1-score": 0.7862619076697606,
            "support": 160.0
        }
    }
}