{
    "accuracy": 0.838,
    "f1_score": 0.837,
    "recall": 0.838,
    "precision": 0.838,
    "classification_report": {
        "0": {
            "precision": 0.9512195121951219,
            "recall": 0.975,
            "f1-score": 0.9629629629629629,
            "support": 40.0
        },
        "1": {
            "precision": 0.6976744186046512,
            "recall": 0.75,
            "f1-score": 0.7228915662650602,
            "support": 40.0
        },
        "2": {
            "precision": 0.9743589743589743,
            "recall": 0.95,
            "f1-score": 0.9620253164556962,
            "support": 40.0
        },
        "3": {
            "precision": 0.7297297297297297,
            "recall": 0.675,
            "f1-score": 0.7012987012987013,
            "support": 40.0
        },
        "accuracy": 0.8375,
        "macro avg": {
            "precision": 0.8382456587221193,
            "recall": 0.8374999999999999,
            "f1-score": 0.8372946367456051,
            "support": 160.0
        },
        "weighted avg": {
            "precision": 0.8382456587221194,
            "recall": 0.8375,
            "f1-score": 0.8372946367456052,
            "support": 160.0
        }
    }
}