{
    "accuracy": 0.981,
    "f1_score": 0.981,
    "recall": 0.981,
    "precision": 0.981,
    "classification_report": {
        "0": {
            "precision": 0.975,
            "recall": 0.975,
            "f1-score": 0.975,
            "support": 40.0
        },
        "1": {
            "precision": 1.0,
            "recall": 0.975,
            "f1-score": 0.9873417721518988,
            "support": 40.0
        },
        "2": {
            "precision": 0.975,
            "recall": 0.975,
            "f1-score": 0.975,
            "support": 40.0
        },
        "3": {
            "precision": 0.975609756097561,
            "recall": 1.0,
            "f1-score": 0.9876543209876543,
            "support": 40.0
        },
        "accuracy": 0.98125,
        "macro avg": {
            "precision": 0.9814024390243903,
            "recall": 0.98125,
            "f1-score": 0.9812490232848883,
            "support": 160.0
        },
        "weighted avg": {
            "precision": 0.9814024390243903,
            "recall": 0.98125,
            "f1-score": 0.9812490232848884,
            "support": 160.0
        }
    }
}