{
    "accuracy": 0.975,
    "f1_score": 0.975,
    "recall": 0.975,
    "precision": 0.976,
    "classification_report": {
        "0": {
            "precision": 0.9302325581395349,
            "recall": 1.0,
            "f1-score": 0.963855421686747,
            "support": 40.0
        },
        "1": {
            "precision": 1.0,
            "recall": 1.0,
            "f1-score": 1.0,
            "support": 40.0
        },
        "2": {
            "precision": 1.0,
            "recall": 0.9,
            "f1-score": 0.9473684210526315,
            "support": 40.0
        },
        "3": {
            "precision": 0.975609756097561,
            "recall": 1.0,
            "f1-score": 0.9876543209876543,
            "support": 40.0
        },
        "accuracy": 0.975,
        "macro avg": {
            "precision": 0.9764605785592739,
            "recall": 0.975,
            "f1-score": 0.9747195409317582,
            "support": 160.0
        },
        "weighted avg": {
            "precision": 0.976460578559274,
            "recall": 0.975,
            "f1-score": 0.9747195409317582,
            "support": 160.0
        }
    }
}