{
    "accuracy": 0.738,
    "f1_score": 0.739,
    "recall": 0.738,
    "precision": 0.745,
    "classification_report": {
        "0": {
            "precision": 0.95,
            "recall": 0.95,
            "f1-score": 0.95,
            "support": 40.0
        },
        "1": {
            "precision": 0.5294117647058824,
            "recall": 0.45,
            "f1-score": 0.4864864864864865,
            "support": 40.0
        },
        "2": {
            "precision": 1.0,
            "recall": 0.95,
            "f1-score": 0.9743589743589743,
            "support": 40.0
        },
        "3": {
            "precision": 0.5,
            "recall": 0.6,
            "f1-score": 0.5454545454545454,
            "support": 40.0
        },
        "accuracy": 0.7375,
        "macro avg": {
            "precision": 0.7448529411764706,
            "recall": 0.7374999999999999,
            "f1-score": 0.7390750015750016,
            "support": 160.0
        },
        "weighted avg": {
            "precision": 0.7448529411764706,
            "recall": 0.7375,
            "f1-score": 0.7390750015750015,
            "support": 160.0
        }
    }
}