{
    "accuracy": 0.931,
    "f1_score": 0.931,
    "recall": 0.931,
    "precision": 0.934,
    "classification_report": {
        "0": {
            "precision": 0.9428571428571428,
            "recall": 0.825,
            "f1-score": 0.88,
            "support": 40.0
        },
        "1": {
            "precision": 0.975609756097561,
            "recall": 1.0,
            "f1-score": 0.9876543209876543,
            "support": 40.0
        },
        "2": {
            "precision": 0.8409090909090909,
            "recall": 0.925,
            "f1-score": 0.8809523809523809,
            "support": 40.0
        },
        "3": {
            "precision": 0.975,
            "recall": 0.975,
            "f1-score": 0.975,
            "support": 40.0
        },
        "accuracy": 0.93125,
        "macro avg": {
            "precision": 0.9335939974659487,
            "recall": 0.93125,
            "f1-score": 0.9309016754850088,
            "support": 160.0
        },
        "weighted avg": {
            "precision": 0.9335939974659487,
            "recall": 0.93125,
            "f1-score": 0.9309016754850088,
            "support": 160.0
        }
    }
}