{
    "accuracy": 0.725,
    "f1_score": 0.709,
    "recall": 0.725,
    "precision": 0.745,
    "classification_report": {
        "0": {
            "precision": 0.9210526315789473,
            "recall": 0.875,
            "f1-score": 0.8974358974358975,
            "support": 40.0
        },
        "1": {
            "precision": 0.6111111111111112,
            "recall": 0.275,
            "f1-score": 0.3793103448275862,
            "support": 40.0
        },
        "2": {
            "precision": 0.9230769230769231,
            "recall": 0.9,
            "f1-score": 0.9113924050632911,
            "support": 40.0
        },
        "3": {
            "precision": 0.5230769230769231,
            "recall": 0.85,
            "f1-score": 0.6476190476190476,
            "support": 40.0
        },
        "accuracy": 0.725,
        "macro avg": {
            "precision": 0.7445793972109762,
            "recall": 0.725,
            "f1-score": 0.7089394237364556,
            "support": 160.0
        },
        "weighted avg": {
            "precision": 0.7445793972109761,
            "recall": 0.725,
            "f1-score": 0.7089394237364555,
            "support": 160.0
        }
    }
}