{
    "accuracy": 0.894,
    "f1_score": 0.89,
    "recall": 0.894,
    "precision": 0.901,
    "classification_report": {
        "0": {
            "precision": 0.9047619047619048,
            "recall": 0.95,
            "f1-score": 0.926829268292683,
            "support": 40.0
        },
        "1": {
            "precision": 0.9069767441860465,
            "recall": 0.975,
            "f1-score": 0.9397590361445783,
            "support": 40.0
        },
        "2": {
            "precision": 0.9655172413793104,
            "recall": 0.7,
            "f1-score": 0.8115942028985508,
            "support": 40.0
        },
        "3": {
            "precision": 0.8260869565217391,
            "recall": 0.95,
            "f1-score": 0.8837209302325582,
            "support": 40.0
        },
        "accuracy": 0.89375,
        "macro avg": {
            "precision": 0.9008357117122502,
            "recall": 0.89375,
            "f1-score": 0.8904758593920925,
            "support": 160.0
        },
        "weighted avg": {
            "precision": 0.9008357117122502,
            "recall": 0.89375,
            "f1-score": 0.8904758593920926,
            "support": 160.0
        }
    }
}