{
    "accuracy": 0.744,
    "f1_score": 0.748,
    "recall": 0.744,
    "precision": 0.753,
    "classification_report": {
        "0": {
            "precision": 0.8918918918918919,
            "recall": 0.825,
            "f1-score": 0.8571428571428571,
            "support": 40.0
        },
        "1": {
            "precision": 0.6097560975609756,
            "recall": 0.625,
            "f1-score": 0.6172839506172839,
            "support": 40.0
        },
        "2": {
            "precision": 0.9210526315789473,
            "recall": 0.875,
            "f1-score": 0.8974358974358975,
            "support": 40.0
        },
        "3": {
            "precision": 0.5909090909090909,
            "recall": 0.65,
            "f1-score": 0.6190476190476191,
            "support": 40.0
        },
        "accuracy": 0.74375,
        "macro avg": {
            "precision": 0.7534024279852264,
            "recall": 0.74375,
            "f1-score": 0.7477275810609144,
            "support": 160.0
        },
        "weighted avg": {
            "precision": 0.7534024279852265,
            "recall": 0.74375,
            "f1-score": 0.7477275810609144,
            "support": 160.0
        }
    }
}