{
    "accuracy": 0.794,
    "f1_score": 0.79,
    "recall": 0.794,
    "precision": 0.806,
    "classification_report": {
        "0": {
            "precision": 0.9736842105263158,
            "recall": 0.925,
            "f1-score": 0.9487179487179487,
            "support": 40.0
        },
        "1": {
            "precision": 0.7407407407407407,
            "recall": 0.5,
            "f1-score": 0.5970149253731343,
            "support": 40.0
        },
        "2": {
            "precision": 0.9047619047619048,
            "recall": 0.95,
            "f1-score": 0.926829268292683,
            "support": 40.0
        },
        "3": {
            "precision": 0.6037735849056604,
            "recall": 0.8,
            "f1-score": 0.6881720430107527,
            "support": 40.0
        },
        "accuracy": 0.79375,
        "macro avg": {
            "precision": 0.8057401102336553,
            "recall": 0.79375,
            "f1-score": 0.7901835463486298,
            "support": 160.0
        },
        "weighted avg": {
            "precision": 0.8057401102336554,
            "recall": 0.79375,
            "f1-score": 0.7901835463486296,
            "support": 160.0
        }
    }
}