{
    "accuracy": 0.681,
    "f1_score": 0.676,
    "recall": 0.681,
    "precision": 0.706,
    "classification_report": {
        "0": {
            "precision": 0.875,
            "recall": 0.525,
            "f1-score": 0.65625,
            "support": 40.0
        },
        "1": {
            "precision": 0.6176470588235294,
            "recall": 0.525,
            "f1-score": 0.5675675675675675,
            "support": 40.0
        },
        "2": {
            "precision": 0.7659574468085106,
            "recall": 0.9,
            "f1-score": 0.8275862068965517,
            "support": 40.0
        },
        "3": {
            "precision": 0.5636363636363636,
            "recall": 0.775,
            "f1-score": 0.6526315789473685,
            "support": 40.0
        },
        "accuracy": 0.68125,
        "macro avg": {
            "precision": 0.705560217317101,
            "recall": 0.68125,
            "f1-score": 0.676008838352872,
            "support": 160.0
        },
        "weighted avg": {
            "precision": 0.705560217317101,
            "recall": 0.68125,
            "f1-score": 0.676008838352872,
            "support": 160.0
        }
    }
}