{
    "accuracy": 0.806,
    "f1_score": 0.805,
    "recall": 0.806,
    "precision": 0.807,
    "classification_report": {
        "0": {
            "precision": 1.0,
            "recall": 1.0,
            "f1-score": 1.0,
            "support": 40.0
        },
        "1": {
            "precision": 0.6285714285714286,
            "recall": 0.55,
            "f1-score": 0.5866666666666667,
            "support": 40.0
        },
        "2": {
            "precision": 1.0,
            "recall": 1.0,
            "f1-score": 1.0,
            "support": 40.0
        },
        "3": {
            "precision": 0.6,
            "recall": 0.675,
            "f1-score": 0.6352941176470588,
            "support": 40.0
        },
        "accuracy": 0.80625,
        "macro avg": {
            "precision": 0.8071428571428572,
            "recall": 0.8062499999999999,
            "f1-score": 0.8054901960784314,
            "support": 160.0
        },
        "weighted avg": {
            "precision": 0.8071428571428572,
            "recall": 0.80625,
            "f1-score": 0.8054901960784313,
            "support": 160.0
        }
    }
}